BW	Gio	Gq11	Gs
2.37	0.5338660896221872		-0.39592525570349885
2.38			0.7942929298205295
2.39	0.5523836661219969	-0.7286118540095476	-0.5169298529844585
3.49	1.0		
3.5	0.45326123380576927	-0.7243823335435152	
3.53	0.45326123380576927	-0.7243823335435152	
3.54	0.26919888779454026	-1.0	-0.2519208116129884
3.55			0.7942929298205295
4.38	-0.2533440564670951	0.8193436049000314	0.142401711934433
5.61	0.03291416188190553		-0.030801621963532845
5.62			0.9354154372530078
5.64	-0.07880719865776899		0.0737490916454441
5.65	0.036356392900583526	-0.43495787973734	-0.23380616857246725
5.68	0.4053016332020239		-0.37928803205996897
5.69			1.0
5.71	-0.059605178960183046		0.055779521167439505
5.72	-0.22768174685219483		0.21306837827742015
5.76			0.7942929298205295
6.25	0.4655912553599833	0.3964803741977448	
6.29	0.1778476008216875	-0.00979792258721729	-0.16643275278543318
6.3			0.7942929298205295
6.32	0.1342502483404716	-0.0933290577577716	-0.2356848388049286
6.33	0.4668183535755892	-0.2840440674525174	-0.7083112524200638
6.36	0.4668183535755892	-0.8281997641529873	-0.7083112524200638
6.37	0.21659541618775038	-0.6684297926152089	-0.446661447847003
7.53	0.6246840975949609		
7.56	-0.025275690388448454	-0.050330205663617164	-0.1993827144224799
8.47	0.29475336633532906	-0.6636223112819296	-0.547417269462577
8.48	0.505425094442973		-0.3676428173389551
8.49	0.4950741714564615	-0.35972787890191077	-0.46329867149053294
8.5	0.7433429152522848		
ICL2.5	0.05670900078981631	-0.3714306319332571	-0.05306922930393276
ICL2.51	0.11647195494680135	-0.4501361886782152	-0.10899639913350602
ICL2.52	-0.36954841832637375	0.10282639992553715	0.24942707309803705
ICL2.53	0.0354856217881275		0.052446483321584705
ICL2.54	0.006572936590296839	-0.30345189685942486	-0.006151063750947159
ICL2.55	-0.2292244992950395	0.4450103220776244	0.21451211175902343
ICL3	0.10254261294855897	-0.014605403920496467	-0.1844044618556112
