BW	Gio	Gq11	Gs
2.37	0.2762363017982045		-0.2404055191954818
2.39	0.170448042354109	-0.7666662374814668	-0.148208027414549
3.49	1.0		
3.5	0.2061588318160459	-0.2191384381196596	-0.3888707663133275
3.53	0.4132539159529803	-0.5848816531680653	
3.54	0.2633161167801336	-0.42483556715190396	-0.4661265430938504
4.38	-9.334235540353037e-17	1.0	-0.06148378235815486
5.61	0.005635412584376255		-0.027803726205846903
5.64	-0.245935285726057		0.2508437864217053
5.65	-0.1329488403893469	-0.39321893453415807	0.027705807848808803
5.68	-0.019566517631505697		0.031123749585469256
5.69			1.0
5.71	0.6620685384661863		
5.72	-0.041758255302189205		0.024730242783124436
6.25	0.5296740854701874	0.5683071477447599	
6.29	0.9062809596403423	0.5002682366806771	
6.32	-0.19491613613684186	-0.05564837083070355	0.059689781790352704
6.33	0.5182168462401456	0.45122318318645094	-0.5443137344764826
6.36	-0.09286807442602459	-0.5186769601398987	-0.162649744108896
6.37	0.3512522826645895	-0.227610286152573	-0.4142119054498407
6.39			0.8961104429660594
6.4			0.9473929378460779
7.53	0.7021493044295086		
7.56	0.0	0.10075265741329865	-0.1321199244401495
8.47	0.09016985639071742	-0.21973563459742737	-0.14615858721937955
8.48	0.007223676511831143		0.00743048759659633
8.49	0.22658151478004257	-0.20584657417980295	-0.2404055191954818
8.5	0.7576860085165918		
ICL2			1.0
ICL2.5	0.35715683661838626	0.25632390874629335	-0.4168726291771416
ICL2.51	0.3512522826645895	0.21372122573494803	-0.3608898705099034
ICL2.52	-0.032400669106528966	0.3188151425014523	-0.03368005615230796
ICL2.53	0.7753592958562076		
ICL2.54	0.30507437208232274	0.25632390874629335	-0.3143113594146179
ICL2.55	0.17044804235410901	0.7941534258201974	-0.18164154360995716
ICL3	0.005635412584376255	-0.060426866189704935	-0.06982269937394946
