SS1	SS2	cont_gio	fraction_gio
TM4	HN	23	0.2161290322580645
ICL2	hns1	49	0.33691542288557214
TM4	hns1	8	0.07500000000000001
ICL2	S1	15	0.07297297297297298
ICL2	s2s3	37	0.3322448979591837
ICL2	S3	41	0.3625
ICL3	h4s6	23	0.2703125
TM6	h4s6	32	0.13370370370370369
ICL2	H5	47	0.45004784688995214
TM5	H5	45	0.34278422273781906
TM3	H5	50	0.7421775544388609
TM6	H5	48	0.5332851985559567
H8	H5	45	0.47071005917159764
TM2	H5	48	0.5868468468468468
TM7	H5	40	0.35951612903225805
ICL2	HN	23	0.10222222222222223
ICL2	h2s4	7	0.060000000000000005
ICL3	s2s3	1	0.02
ICL3	H5	24	0.21544827586206897
TM6	S6	4	0.08
ICL3	S6	15	0.19675675675675677
ICL3	H4	8	0.09176470588235294
ICL3	S5	3	0.06
TM5	S6	10	0.07647058823529412
ICL1	H5	5	0.05272727272727273
TM5	h4s6	6	0.04666666666666667
ICL1	HN	1	0.02
ECL2	H5	1	0.02
TM6	H4	1	0.02
TM2	hns1	1	0.02
ICL1	H3	1	0.02
ICL1	h3s5	1	0.02
ICL1	h2s4	1	0.02
TM2	h2s4	1	0.02
H8	h4s6	1	0.02
ICL1	hns1	2	0.02
TM4	H5	4	0.039999999999999994
TM6	s2s3	1	0.02
TM6	S3	1	0.02
TM6	hns1	1	0.02
TM6	HN	1	0.02
Cterm	H5	1	0.02
Cterm	h4s6	1	0.02
Cterm	H3	1	0.02
TM3	S3	1	0.02
TM3	hns1	1	0.02
