SS1	SS2	cont_gq11	fraction_gq11
ICL2	hns1	3	0.4722222222222222
TM4	hns1	3	0.75
ICL2	S1	2	0.5
ICL2	s2s3	3	0.32142857142857145
ICL2	S3	3	0.5
ICL3	H4	2	0.25
ICL3	h4s6	2	0.45
TM6	h4s6	2	0.32142857142857145
ICL3	S6	2	0.48214285714285715
ICL3	H5	1	0.25
ICL2	H5	4	0.48333333333333334
TM3	H5	4	0.575
TM6	H5	4	0.625
H8	H5	4	0.38636363636363635
TM2	H5	3	0.2857142857142857
TM7	H5	4	0.4318181818181818
TM4	HN	2	0.375
Cterm	H3	1	0.25
TM5	h4s6	2	0.25
TM5	S6	1	0.25
TM5	H5	3	0.29
ICL2	HN	2	0.3
ICL2	S2	1	0.25
