SS1	SS2	cont_gs	fraction_gs
ICL2	HN	24	0.22579225352112675
TM4	HN	13	0.1642628205128205
ICL2	hns1	30	0.41525
ICL2	S1	22	0.2668269230769231
ICL2	s2s3	29	0.3606991525423729
ICL2	S3	30	0.41964285714285715
ICL3	H4	13	0.13048986486486486
ICL3	h4s6	16	0.276268115942029
TM5	h4s6	15	0.11204268292682927
ICL2	H5	31	0.3082606589147287
TM5	H5	30	0.4301927860696517
TM3	H5	32	0.49293032786885244
H8	H5	31	0.3690362595419847
TM6	H5	32	0.3211050724637681
TM7	H5	25	0.2441123188405797
ICL2	s6h5	6	0.08854166666666667
ICL2	hfs2	2	0.048295454545454544
ICL2	S6	2	0.03125
TM5	s6h5	3	0.0390625
TM5	H4	9	0.04991883116883117
ICL3	HG	1	0.03125
TM3	s6h5	3	0.0390625
TM3	S6	1	0.03125
ICL2	HF	2	0.03125
ICL2	h4s6	2	0.03125
TM5	S6	6	0.0546875
TM4	hns1	10	0.125
ICL3	S6	7	0.13701923076923078
TM2	H5	26	0.4262742718446602
TM3	S3	1	0.03125
ICL2	hbhc	1	0.03125
ICL3	H5	9	0.06385869565217392
TM3	h2s4	1	0.03125
TM3	S4	1	0.03125
TM3	H2	1	0.03125
ICL2	H2	1	0.03125
ICL2	h2s4	1	0.03125
ICL2	h1ha	1	0.03125
TM5	S4	1	0.03125
TM5	H2	1	0.03125
TM5	h2s4	1	0.03125
TM5	S2	1	0.03125
TM5	HE	1	0.03125
TM5	HF	1	0.03125
TM5	hfs2	1	0.03125
TM5	hdhe	1	0.03125
TM5	hehf	1	0.03125
TM5	HD	1	0.03125
TM6	S4	1	0.03125
H8	h2s4	1	0.03125
H8	S4	1	0.03125
TM2	hns1	2	0.046875
TM5	hgh4	2	0.03125
TM7	S4	1	0.03125
ICL1	HN	2	0.03125
TM5	HG	1	0.03125
TM6	h4s6	4	0.04640151515151515
ICL3	S5	1	0.03125
ICL2	H4	1	0.03125
TM3	h4s6	1	0.03125
H8	h4s6	1	0.03125
TM2	h4s6	1	0.03125
TM6	S6	1	0.03125
H8	S6	1	0.03125
TM7	S6	1	0.03125
TM6	H4	2	0.03125
TM6	hgh4	1	0.03125
TM4	H5	2	0.03125
ICL2	S2	1	0.03125
TM6	s6h5	1	0.03125
ICL1	H5	3	0.03125
ICL3	hgh4	1	0.03125
TM3	HN	1	0.03125
TM3	hns1	1	0.03125
TM3	S1	1	0.03125
TM3	hfs2	1	0.03125
TM1	HN	1	0.03125
TM1	hns1	1	0.03125
ICL1	hns1	1	0.03125
TM2	h2s4	1	0.03125
TM1	H5	1	0.03125
