SS1	SS2	cont_gs	fraction_gs
ICL2	HN	22	0.23650568181818182
ICL2	hns1	28	0.3714561855670103
ICL2	S1	19	0.24851190476190477
ICL2	s2s3	24	0.2748397435897436
ICL2	S3	28	0.40880102040816324
ICL3	H4	7	0.059475806451612906
ICL3	h4s6	14	0.19166666666666668
TM5	h4s6	10	0.10383064516129033
ICL3	S6	3	0.046875
ICL2	H5	30	0.2777777777777778
TM5	H5	29	0.4322115384615385
TM3	H5	32	0.503957423580786
TM2	H5	26	0.4473458904109589
TM6	H5	32	0.2951388888888889
TM7	H5	21	0.16160714285714287
H8	H5	30	0.39818548387096775
TM4	HN	12	0.18303571428571427
TM5	H4	8	0.0546875
TM5	S6	4	0.06696428571428571
TM5	hgh4	1	0.03125
ICL2	hbhc	1	0.03125
TM4	hns1	8	0.08238636363636363
ICL2	S2	1	0.03125
TM6	H4	2	0.03125
ICL2	S6	2	0.03125
ICL2	s6h5	4	0.052083333333333336
TM3	s6h5	2	0.03125
TM6	s6h5	1	0.03125
ICL1	H5	3	0.03125
TM6	h4s6	3	0.035416666666666666
TM3	HN	1	0.03125
TM3	hns1	1	0.03125
TM3	S1	1	0.03125
TM3	hfs2	1	0.03125
TM5	s6h5	2	0.03125
ICL3	H5	6	0.04513888888888889
TM6	hgh4	1	0.03125
TM4	H5	2	0.03125
TM1	H5	1	0.03125
ICL2	hfs2	1	0.03125
ICL3	HG	1	0.03125
